UserName	ReviewLength
Naureen Manekia Seyal	0
Mario Donoso	3
Joshua Wilson	284
Andrew Lee	51
Josh Wilson	284
Avneet Pandhaal	114
Scott Hines	92
Dawn Peters	50
Mojtaba Mortazavi	6
Evan Schwartz	86
Charles Sexton	88
Missuss Waggsnapps	92
Eugenio Ruggiero	120
Missuss Waggsnapps	147
Kevin Dyson	155
Madhan Kumar	79
fidel rodriguez	137
Deepak Pandey	71
johnny bravo	317
A Google User	317
Vinoth Ragunathan	23
Henry Helmes	78
CM Lim	43
Stephen M. Cormier	458
Miro Markarian	544
Jayaprakash Sivasamy	19
Melissa Baatz	208
Mohammed hisamuddin	18
Sovan Kundu	92
Laura Hill	127
Jigar Desai	31
Jonas Pedersen	102
Swapnil Mahale	59
Danny Peck	344
CM Lim	55
W3bstersFan	29
Liza Wong	219
Tahir Butt	9
Kevin Dyson	329
Rizal Muthi	71
Michael Flores	163
Sameer Brar	170
Ammar Pauzi	97
Tahir Butt	65
Jay Nicholas Turner	95
Naresh Sevani	47
Nick Dodge	123
Gal Bracha	47
Mark Oberg	433
Snir David	108
Tonya Thomas	93
Brian Robinson	510
Matthew Clark	135
Matthew F. Clark	135
Brian Robinson	673
Diane Estes	140
Stephen Chen	79
Burak Oguz	190
Marc Khalil	195
Burak Oguz	190
Stephen Chen	45
Brian Robinson	792
Dilshaw S	147
Kevin Dyson	493
Dilshaw S	218
Aaron Dodd	186
Simon Cousins	473
Burak Oguz	27
Milko Georgiev	117
Brian Robinson	197
Scott Hill	501
Eduardo Ribeiro	67
Russ Buchmann	83
Charles Sexton	61
Talat Malik	124
Columbcille Dougherty	110
Stephen Chen	45
Nadeem Ahmed	64
Ahmad Cubic	72
Corinne Chung	412
Patrix S	9
Sava DUBROVSKAYA	418
Baba Ji Swami Ji	2
James Scherber	310
Walter Ching	78
Raza Manekia	9
Stephen Chen	45
